{"_runtime": 44110, "val_loss": 0.35029762983322144, "_timestamp": 1608226609, "train_loss_step": 0.2847224473953247, "train_loss_epoch": 0.2723154127597809, "_step": 42699, "epoch": 5}